vectors,bases,1
bases,vectors,0
subspaces,bases,1
bases,subspaces,0
vector spaces,bases,1
bases,vector spaces,0
vectors,change of basis,1
change of basis,vectors,0
subspaces,change of basis,1
change of basis,subspaces,0
bases,change of basis,1
change of basis,bases,0
dot product,change of basis,1
change of basis,dot product,0
linear transformations as matrices,change of basis,1
change of basis,linear transformations as matrices,0
matrix multiplication,change of basis,1
change of basis,matrix multiplication,0
linear systems as matrices,change of basis,1
change of basis,linear systems as matrices,0
matrix inverse,change of basis,1
change of basis,matrix inverse,0
vector spaces,change of basis,1
change of basis,vector spaces,0
vectors,cramer_rule,1
cramer_rule,vectors,0
dot product,cramer_rule,1
cramer_rule,dot product,0
matrix multiplication,cramer_rule,1
cramer_rule,matrix multiplication,0
matrix transpose,cramer_rule,1
cramer_rule,matrix transpose,0
linear systems as matrices,cramer_rule,1
cramer_rule,linear systems as matrices,0
Gaussian elimination,cramer_rule,1
cramer_rule,Gaussian elimination,0
matrix inverse,cramer_rule,1
cramer_rule,matrix inverse,0
determinant,cramer_rule,1
cramer_rule,determinant,0
vectors,determinant,1
determinant,vectors,0
dot product,determinant,1
determinant,dot product,0
matrix multiplication,determinant,1
determinant,matrix multiplication,0
matrix transpose,determinant,1
determinant,matrix transpose,0
linear systems as matrices,determinant,1
determinant,linear systems as matrices,0
Gaussian elimination,determinant,1
determinant,Gaussian elimination,0
matrix inverse,determinant,1
determinant,matrix inverse,0
vectors,diagonalization,1
diagonalization,vectors,0
dot product,diagonalization,1
diagonalization,dot product,0
matrix multiplication,diagonalization,1
diagonalization,matrix multiplication,0
linear systems as matrices,diagonalization,1
diagonalization,linear systems as matrices,0
matrix inverse,diagonalization,1
diagonalization,matrix inverse,0
determinant,diagonalization,1
diagonalization,determinant,0
subspaces,diagonalization,1
diagonalization,subspaces,0
eigenvalues and eigenvectors,diagonalization,1
diagonalization,eigenvalues and eigenvectors,0
bases,diagonalization,1
diagonalization,bases,0
vectors,dot product,1
dot product,vectors,0
bases,dot product,1
dot product,bases,0
vectors,eigenvalues and eigenvectors,1
eigenvalues and eigenvectors,vectors,0
dot product,eigenvalues and eigenvectors,1
eigenvalues and eigenvectors,dot product,0
matrix multiplication,eigenvalues and eigenvectors,1
eigenvalues and eigenvectors,matrix multiplication,0
linear systems as matrices,eigenvalues and eigenvectors,1
eigenvalues and eigenvectors,linear systems as matrices,0
determinant,eigenvalues and eigenvectors,1
eigenvalues and eigenvectors,determinant,0
subspaces,eigenvalues and eigenvectors,1
eigenvalues and eigenvectors,subspaces,0
vectors,Gaussian elimination,1
Gaussian elimination,vectors,0
determinant,Gaussian elimination,1
Gaussian elimination,determinant,0
linear systems as matrices,Gaussian elimination,1
Gaussian elimination,linear systems as matrices,0
vectors,inner product,1
inner product,vectors,0
vector spaces,inner product,1
inner product,vector spaces,0
dot product,inner product,1
inner product,dot product,0
vectors,linear least squares,1
linear least squares,vectors,0
dot product,linear least squares,1
linear least squares,dot product,0
matrix multiplication,linear least squares,1
linear least squares,matrix multiplication,0
linear systems as matrices,linear least squares,1
linear least squares,linear systems as matrices,0
matrix inverse,linear least squares,1
linear least squares,matrix inverse,0
matrix transpose,linear least squares,1
linear least squares,matrix transpose,0
Gaussian elimination,linear least squares,1
linear least squares,Gaussian elimination,0
subspaces,linear least squares,1
linear least squares,subspaces,0
bases,linear least squares,1
linear least squares,bases,0
orthogonal subspaces,linear least squares,1
linear least squares,orthogonal subspaces,0
projection onto a subspace,linear least squares,1
linear least squares,projection onto a subspace,0
vectors,linear regression,1
linear regression,vectors,0
dot product,linear regression,1
linear regression,dot product,0
matrix inverse,linear regression,1
linear regression,matrix inverse,0
determinant,linear regression,1
linear regression,determinant,0
matrix multiplication,linear regression,1
linear regression,matrix multiplication,0
vectors,linear systems as matrices,1
linear systems as matrices,vectors,0
vectors,LU factorization,1
LU factorization,vectors,0
matrix multiplication,LU factorization,1
LU factorization,matrix multiplication,0
matrix transpose,LU factorization,1
LU factorization,matrix transpose,0
linear systems as matrices,LU factorization,1
LU factorization,linear systems as matrices,0
Gaussian elimination,LU factorization,1
LU factorization,Gaussian elimination,0
matrix inverse,LU factorization,1
LU factorization,matrix inverse,0
vectors,matrix inverse,1
matrix inverse,vectors,0
dot product,matrix inverse,1
matrix inverse,dot product,0
matrix multiplication,matrix inverse,1
matrix inverse,matrix multiplication,0
matrix transpose,matrix inverse,1
matrix inverse,matrix transpose,0
linear systems as matrices,matrix inverse,1
matrix inverse,linear systems as matrices,0
vectors,matrix multiplication,1
matrix multiplication,vectors,0
dot product,matrix multiplication,1
matrix multiplication,dot product,0
vectors,matrix transpose,1
matrix transpose,vectors,0
dot product,matrix transpose,1
matrix transpose,dot product,0
matrix multiplication,matrix transpose,1
matrix transpose,matrix multiplication,0
vectors,multiplicity of eigenvalues,1
multiplicity of eigenvalues,vectors,0
dot product,multiplicity of eigenvalues,1
multiplicity of eigenvalues,dot product,0
matrix multiplication,multiplicity of eigenvalues,1
multiplicity of eigenvalues,matrix multiplication,0
linear systems as matrices,multiplicity of eigenvalues,1
multiplicity of eigenvalues,linear systems as matrices,0
determinant,multiplicity of eigenvalues,1
multiplicity of eigenvalues,determinant,0
subspaces,multiplicity of eigenvalues,1
multiplicity of eigenvalues,subspaces,0
eigenvalues and eigenvectors,multiplicity of eigenvalues,1
multiplicity of eigenvalues,eigenvalues and eigenvectors,0
vectors,orthogonal subspaces,1
orthogonal subspaces,vectors,0
dot product,orthogonal subspaces,1
orthogonal subspaces,dot product,0
matrix multiplication,orthogonal subspaces,1
orthogonal subspaces,matrix multiplication,0
matrix transpose,orthogonal subspaces,1
orthogonal subspaces,matrix transpose,0
linear systems as matrices,orthogonal subspaces,1
orthogonal subspaces,linear systems as matrices,0
Gaussian elimination,orthogonal subspaces,1
orthogonal subspaces,Gaussian elimination,0
subspaces,orthogonal subspaces,1
orthogonal subspaces,subspaces,0
bases,orthogonal subspaces,1
orthogonal subspaces,bases,0
vectors,positive definite matrices,1
positive definite matrices,vectors,0
dot product,positive definite matrices,1
positive definite matrices,dot product,0
matrix multiplication,positive definite matrices,1
positive definite matrices,matrix multiplication,0
linear systems as matrices,positive definite matrices,1
positive definite matrices,linear systems as matrices,0
matrix inverse,positive definite matrices,1
positive definite matrices,matrix inverse,0
matrix transpose,positive definite matrices,1
positive definite matrices,matrix transpose,0
subspaces,positive definite matrices,1
positive definite matrices,subspaces,0
bases,positive definite matrices,1
positive definite matrices,bases,0
eigenvalues and eigenvectors,positive definite matrices,1
positive definite matrices,eigenvalues and eigenvectors,0
spectral decomposition,positive definite matrices,1
positive definite matrices,spectral decomposition,0
matrix multiplication,projection onto a subspace,1
projection onto a subspace,matrix multiplication,0
linear systems as matrices,projection onto a subspace,1
projection onto a subspace,linear systems as matrices,0
matrix inverse,projection onto a subspace,1
projection onto a subspace,matrix inverse,0
matrix transpose,projection onto a subspace,1
projection onto a subspace,matrix transpose,0
Gaussian elimination,projection onto a subspace,1
projection onto a subspace,Gaussian elimination,0
subspaces,projection onto a subspace,1
projection onto a subspace,subspaces,0
bases,projection onto a subspace,1
projection onto a subspace,bases,0
orthogonal subspaces,projection onto a subspace,1
projection onto a subspace,orthogonal subspaces,0
matrix inverse,QR decomposition,1
QR decomposition,matrix inverse,0
matrix transpose,QR decomposition,1
QR decomposition,matrix transpose,0
Gaussian elimination,QR decomposition,1
QR decomposition,Gaussian elimination,0
subspaces,QR decomposition,1
QR decomposition,subspaces,0
bases,QR decomposition,1
QR decomposition,bases,0
orthogonal subspaces,QR decomposition,1
QR decomposition,orthogonal subspaces,0
projection onto a subspace,QR decomposition,1
QR decomposition,projection onto a subspace,0
vectors,singular value decomposition,1
singular value decomposition,vectors,0
dot product,singular value decomposition,1
singular value decomposition,dot product,0
matrix multiplication,singular value decomposition,1
singular value decomposition,matrix multiplication,0
linear systems as matrices,singular value decomposition,1
singular value decomposition,linear systems as matrices,0
matrix inverse,singular value decomposition,1
singular value decomposition,matrix inverse,0
matrix transpose,singular value decomposition,1
singular value decomposition,matrix transpose,0
Gaussian elimination,singular value decomposition,1
singular value decomposition,Gaussian elimination,0
subspaces,singular value decomposition,1
singular value decomposition,subspaces,0
bases,singular value decomposition,1
singular value decomposition,bases,0
orthogonal subspaces,singular value decomposition,1
singular value decomposition,orthogonal subspaces,0
projection onto a subspace,singular value decomposition,1
singular value decomposition,projection onto a subspace,0
eigenvalues and eigenvectors,singular value decomposition,1
singular value decomposition,eigenvalues and eigenvectors,0
linear transformations as matrices,singular value decomposition,1
singular value decomposition,linear transformations as matrices,0
vector spaces,singular value decomposition,1
singular value decomposition,vector spaces,0
change of basis,singular value decomposition,1
singular value decomposition,change of basis,0
spectral decomposition,singular value decomposition,1
singular value decomposition,spectral decomposition,0
positive definite matrices,singular value decomposition,1
singular value decomposition,positive definite matrices,0
vectors,spectral decomposition,1
spectral decomposition,vectors,0
dot product,spectral decomposition,1
spectral decomposition,dot product,0
matrix multiplication,spectral decomposition,1
spectral decomposition,matrix multiplication,0
linear systems as matrices,spectral decomposition,1
spectral decomposition,linear systems as matrices,0
matrix inverse,spectral decomposition,1
spectral decomposition,matrix inverse,0
matrix transpose,spectral decomposition,1
spectral decomposition,matrix transpose,0
subspaces,spectral decomposition,1
spectral decomposition,subspaces,0
bases,spectral decomposition,1
spectral decomposition,bases,0
eigenvalues and eigenvectors,spectral decomposition,1
spectral decomposition,eigenvalues and eigenvectors,0
linear transformations as matrices,spectral decomposition,1
spectral decomposition,linear transformations as matrices,0
vector spaces,spectral decomposition,1
spectral decomposition,vector spaces,0
change of basis,spectral decomposition,1
spectral decomposition,change of basis,0
vectors,subspaces,1
subspaces,vectors,0
vectors,unitary matrices,1
unitary matrices,vectors,0
dot product,unitary matrices,1
unitary matrices,dot product,0
matrix multiplication,unitary matrices,1
unitary matrices,matrix multiplication,0
matrix transpose,unitary matrices,1
unitary matrices,matrix transpose,0
linear systems as matrices,unitary matrices,1
unitary matrices,linear systems as matrices,0
Gaussian elimination,unitary matrices,1
unitary matrices,Gaussian elimination,0
matrix inverse,unitary matrices,1
unitary matrices,matrix inverse,0
determinant,unitary matrices,1
unitary matrices,determinant,0
subspaces,unitary matrices,1
unitary matrices,subspaces,0
eigenvalues and eigenvectors,unitary matrices,1
unitary matrices,eigenvalues and eigenvectors,0
bases,unitary matrices,1
unitary matrices,bases,0
orthogonal subspaces,unitary matrices,1
unitary matrices,orthogonal subspaces,0
projection onto a subspace,unitary matrices,1
unitary matrices,projection onto a subspace,0
complex vectors and matrices,unitary matrices,1
unitary matrices,complex vectors and matrices,0
vectors,linear transformations as matrices,1
linear transformations as matrices,vectors,0
vector spaces,linear transformations as matrices,1
linear transformations as matrices,vector spaces,0
dot product,linear transformations as matrices,1
linear transformations as matrices,dot product,0
vectors,vector spaces,1
vector spaces,vectors,0
bases,complex vectors and matrices,0
complex vectors and matrices,bases,0
bases,cramer_rule,0
cramer_rule,bases,0
bases,determinant,0
determinant,bases,0
bases,eigenvalues and eigenvectors,0
eigenvalues and eigenvectors,bases,0
bases,Gaussian elimination,0
Gaussian elimination,bases,0
bases,inner product,0
inner product,bases,0
bases,linear regression,0
linear regression,bases,0
bases,linear systems as matrices,0
linear systems as matrices,bases,0
bases,LU factorization,0
LU factorization,bases,0
bases,matrix inverse,0
matrix inverse,bases,0
bases,matrix multiplication,0
matrix multiplication,bases,0
bases,matrix transpose,0
matrix transpose,bases,0
bases,multiplicity of eigenvalues,0
multiplicity of eigenvalues,bases,0
bases,linear transformations as matrices,0
linear transformations as matrices,bases,0
change of basis,complex vectors and matrices,0
complex vectors and matrices,change of basis,0
change of basis,cramer_rule,0
cramer_rule,change of basis,0
change of basis,determinant,0
determinant,change of basis,0
change of basis,diagonalization,0
diagonalization,change of basis,0
change of basis,eigenvalues and eigenvectors,0
eigenvalues and eigenvectors,change of basis,0
change of basis,Gaussian elimination,0
Gaussian elimination,change of basis,0
change of basis,inner product,0
inner product,change of basis,0
change of basis,linear least squares,0
linear least squares,change of basis,0
change of basis,linear regression,0
linear regression,change of basis,0
change of basis,LU factorization,0
LU factorization,change of basis,0
change of basis,matrix transpose,0
matrix transpose,change of basis,0
change of basis,multiplicity of eigenvalues,0
multiplicity of eigenvalues,change of basis,0
change of basis,orthogonal subspaces,0
orthogonal subspaces,change of basis,0
change of basis,positive definite matrices,0
positive definite matrices,change of basis,0
change of basis,projection onto a subspace,0
projection onto a subspace,change of basis,0
change of basis,QR decomposition,0
QR decomposition,change of basis,0
change of basis,unitary matrices,0
unitary matrices,change of basis,0
complex vectors and matrices,cramer_rule,0
cramer_rule,complex vectors and matrices,0
complex vectors and matrices,determinant,0
determinant,complex vectors and matrices,0
complex vectors and matrices,diagonalization,0
diagonalization,complex vectors and matrices,0
complex vectors and matrices,dot product,0
dot product,complex vectors and matrices,0
complex vectors and matrices,eigenvalues and eigenvectors,0
eigenvalues and eigenvectors,complex vectors and matrices,0
complex vectors and matrices,Gaussian elimination,0
Gaussian elimination,complex vectors and matrices,0
complex vectors and matrices,inner product,0
inner product,complex vectors and matrices,0
complex vectors and matrices,linear least squares,0
linear least squares,complex vectors and matrices,0
complex vectors and matrices,linear regression,0
linear regression,complex vectors and matrices,0
complex vectors and matrices,linear systems as matrices,0
linear systems as matrices,complex vectors and matrices,0
complex vectors and matrices,LU factorization,0
LU factorization,complex vectors and matrices,0
complex vectors and matrices,matrix inverse,0
matrix inverse,complex vectors and matrices,0
complex vectors and matrices,matrix multiplication,0
matrix multiplication,complex vectors and matrices,0
complex vectors and matrices,matrix transpose,0
matrix transpose,complex vectors and matrices,0
complex vectors and matrices,multiplicity of eigenvalues,0
multiplicity of eigenvalues,complex vectors and matrices,0
complex vectors and matrices,orthogonal subspaces,0
orthogonal subspaces,complex vectors and matrices,0
complex vectors and matrices,positive definite matrices,0
positive definite matrices,complex vectors and matrices,0
complex vectors and matrices,projection onto a subspace,0
projection onto a subspace,complex vectors and matrices,0
complex vectors and matrices,QR decomposition,0
QR decomposition,complex vectors and matrices,0
complex vectors and matrices,singular value decomposition,0
singular value decomposition,complex vectors and matrices,0
complex vectors and matrices,spectral decomposition,0
spectral decomposition,complex vectors and matrices,0
complex vectors and matrices,subspaces,0
subspaces,complex vectors and matrices,0
complex vectors and matrices,linear transformations as matrices,0
linear transformations as matrices,complex vectors and matrices,0
complex vectors and matrices,vector spaces,0
vector spaces,complex vectors and matrices,0
complex vectors and matrices,vectors,0
vectors,complex vectors and matrices,0
cramer_rule,diagonalization,0
diagonalization,cramer_rule,0
cramer_rule,eigenvalues and eigenvectors,0
eigenvalues and eigenvectors,cramer_rule,0
cramer_rule,inner product,0
inner product,cramer_rule,0
cramer_rule,linear least squares,0
linear least squares,cramer_rule,0
cramer_rule,linear regression,0
linear regression,cramer_rule,0
cramer_rule,LU factorization,0
LU factorization,cramer_rule,0
cramer_rule,multiplicity of eigenvalues,0
multiplicity of eigenvalues,cramer_rule,0
cramer_rule,orthogonal subspaces,0
orthogonal subspaces,cramer_rule,0
cramer_rule,positive definite matrices,0
positive definite matrices,cramer_rule,0
cramer_rule,projection onto a subspace,0
projection onto a subspace,cramer_rule,0
cramer_rule,QR decomposition,0
QR decomposition,cramer_rule,0
cramer_rule,singular value decomposition,0
singular value decomposition,cramer_rule,0
cramer_rule,spectral decomposition,0
spectral decomposition,cramer_rule,0
cramer_rule,subspaces,0
subspaces,cramer_rule,0
cramer_rule,unitary matrices,0
unitary matrices,cramer_rule,0
cramer_rule,linear transformations as matrices,0
linear transformations as matrices,cramer_rule,0
cramer_rule,vector spaces,0
vector spaces,cramer_rule,0
determinant,inner product,0
inner product,determinant,0
determinant,linear least squares,0
linear least squares,determinant,0
determinant,LU factorization,0
LU factorization,determinant,0
determinant,orthogonal subspaces,0
orthogonal subspaces,determinant,0
determinant,positive definite matrices,0
positive definite matrices,determinant,0
determinant,projection onto a subspace,0
projection onto a subspace,determinant,0
determinant,QR decomposition,0
QR decomposition,determinant,0
determinant,singular value decomposition,0
singular value decomposition,determinant,0
determinant,spectral decomposition,0
spectral decomposition,determinant,0
determinant,subspaces,0
subspaces,determinant,0
determinant,linear transformations as matrices,0
linear transformations as matrices,determinant,0
determinant,vector spaces,0
vector spaces,determinant,0
diagonalization,Gaussian elimination,0
Gaussian elimination,diagonalization,0
diagonalization,inner product,0
inner product,diagonalization,0
diagonalization,linear least squares,0
linear least squares,diagonalization,0
diagonalization,linear regression,0
linear regression,diagonalization,0
diagonalization,LU factorization,0
LU factorization,diagonalization,0
diagonalization,matrix transpose,0
matrix transpose,diagonalization,0
diagonalization,multiplicity of eigenvalues,0
multiplicity of eigenvalues,diagonalization,0
diagonalization,orthogonal subspaces,0
orthogonal subspaces,diagonalization,0
diagonalization,positive definite matrices,0
positive definite matrices,diagonalization,0
diagonalization,projection onto a subspace,0
projection onto a subspace,diagonalization,0
diagonalization,QR decomposition,0
QR decomposition,diagonalization,0
diagonalization,singular value decomposition,0
singular value decomposition,diagonalization,0
diagonalization,spectral decomposition,0
spectral decomposition,diagonalization,0
diagonalization,unitary matrices,0
unitary matrices,diagonalization,0
diagonalization,linear transformations as matrices,0
linear transformations as matrices,diagonalization,0
diagonalization,vector spaces,0
vector spaces,diagonalization,0
dot product,Gaussian elimination,0
Gaussian elimination,dot product,0
dot product,linear systems as matrices,0
linear systems as matrices,dot product,0
dot product,LU factorization,0
LU factorization,dot product,0
dot product,projection onto a subspace,0
projection onto a subspace,dot product,0
dot product,QR decomposition,0
QR decomposition,dot product,0
dot product,subspaces,0
subspaces,dot product,0
dot product,vector spaces,0
vector spaces,dot product,0
eigenvalues and eigenvectors,Gaussian elimination,0
Gaussian elimination,eigenvalues and eigenvectors,0
eigenvalues and eigenvectors,inner product,0
inner product,eigenvalues and eigenvectors,0
eigenvalues and eigenvectors,linear least squares,0
linear least squares,eigenvalues and eigenvectors,0
eigenvalues and eigenvectors,linear regression,0
linear regression,eigenvalues and eigenvectors,0
eigenvalues and eigenvectors,LU factorization,0
LU factorization,eigenvalues and eigenvectors,0
eigenvalues and eigenvectors,matrix inverse,0
matrix inverse,eigenvalues and eigenvectors,0
eigenvalues and eigenvectors,matrix transpose,0
matrix transpose,eigenvalues and eigenvectors,0
eigenvalues and eigenvectors,orthogonal subspaces,0
orthogonal subspaces,eigenvalues and eigenvectors,0
eigenvalues and eigenvectors,projection onto a subspace,0
projection onto a subspace,eigenvalues and eigenvectors,0
eigenvalues and eigenvectors,QR decomposition,0
QR decomposition,eigenvalues and eigenvectors,0
eigenvalues and eigenvectors,linear transformations as matrices,0
linear transformations as matrices,eigenvalues and eigenvectors,0
eigenvalues and eigenvectors,vector spaces,0
vector spaces,eigenvalues and eigenvectors,0
Gaussian elimination,inner product,0
inner product,Gaussian elimination,0
Gaussian elimination,linear regression,0
linear regression,Gaussian elimination,0
Gaussian elimination,matrix inverse,0
matrix inverse,Gaussian elimination,0
Gaussian elimination,matrix multiplication,0
matrix multiplication,Gaussian elimination,0
Gaussian elimination,matrix transpose,0
matrix transpose,Gaussian elimination,0
Gaussian elimination,multiplicity of eigenvalues,0
multiplicity of eigenvalues,Gaussian elimination,0
Gaussian elimination,positive definite matrices,0
positive definite matrices,Gaussian elimination,0
Gaussian elimination,spectral decomposition,0
spectral decomposition,Gaussian elimination,0
Gaussian elimination,subspaces,0
subspaces,Gaussian elimination,0
Gaussian elimination,linear transformations as matrices,0
linear transformations as matrices,Gaussian elimination,0
Gaussian elimination,vector spaces,0
vector spaces,Gaussian elimination,0
inner product,linear least squares,0
linear least squares,inner product,0
inner product,linear regression,0
linear regression,inner product,0
inner product,linear systems as matrices,0
linear systems as matrices,inner product,0
inner product,LU factorization,0
LU factorization,inner product,0
inner product,matrix inverse,0
matrix inverse,inner product,0
inner product,matrix multiplication,0
matrix multiplication,inner product,0
inner product,matrix transpose,0
matrix transpose,inner product,0
inner product,multiplicity of eigenvalues,0
multiplicity of eigenvalues,inner product,0
inner product,orthogonal subspaces,0
orthogonal subspaces,inner product,0
inner product,positive definite matrices,0
positive definite matrices,inner product,0
inner product,projection onto a subspace,0
projection onto a subspace,inner product,0
inner product,QR decomposition,0
QR decomposition,inner product,0
inner product,singular value decomposition,0
singular value decomposition,inner product,0
inner product,spectral decomposition,0
spectral decomposition,inner product,0
inner product,subspaces,0
subspaces,inner product,0
inner product,unitary matrices,0
unitary matrices,inner product,0
inner product,linear transformations as matrices,0
linear transformations as matrices,inner product,0
linear least squares,linear regression,0
linear regression,linear least squares,0
linear least squares,LU factorization,0
LU factorization,linear least squares,0
linear least squares,multiplicity of eigenvalues,0
multiplicity of eigenvalues,linear least squares,0
linear least squares,positive definite matrices,0
positive definite matrices,linear least squares,0
linear least squares,QR decomposition,0
QR decomposition,linear least squares,0
linear least squares,singular value decomposition,0
singular value decomposition,linear least squares,0
linear least squares,spectral decomposition,0
spectral decomposition,linear least squares,0
linear least squares,unitary matrices,0
unitary matrices,linear least squares,0
linear least squares,linear transformations as matrices,0
linear transformations as matrices,linear least squares,0
linear least squares,vector spaces,0
vector spaces,linear least squares,0
linear regression,linear systems as matrices,0
linear systems as matrices,linear regression,0
linear regression,LU factorization,0
LU factorization,linear regression,0
linear regression,matrix transpose,0
matrix transpose,linear regression,0
linear regression,multiplicity of eigenvalues,0
multiplicity of eigenvalues,linear regression,0
linear regression,orthogonal subspaces,0
orthogonal subspaces,linear regression,0
linear regression,positive definite matrices,0
positive definite matrices,linear regression,0
linear regression,projection onto a subspace,0
projection onto a subspace,linear regression,0
linear regression,QR decomposition,0
QR decomposition,linear regression,0
linear regression,singular value decomposition,0
singular value decomposition,linear regression,0
linear regression,spectral decomposition,0
spectral decomposition,linear regression,0
linear regression,subspaces,0
subspaces,linear regression,0
linear regression,unitary matrices,0
unitary matrices,linear regression,0
linear regression,linear transformations as matrices,0
linear transformations as matrices,linear regression,0
linear regression,vector spaces,0
vector spaces,linear regression,0
linear systems as matrices,matrix multiplication,0
matrix multiplication,linear systems as matrices,0
linear systems as matrices,matrix transpose,0
matrix transpose,linear systems as matrices,0
linear systems as matrices,QR decomposition,0
QR decomposition,linear systems as matrices,0
linear systems as matrices,subspaces,0
subspaces,linear systems as matrices,0
linear systems as matrices,linear transformations as matrices,0
linear transformations as matrices,linear systems as matrices,0
linear systems as matrices,vector spaces,0
vector spaces,linear systems as matrices,0
LU factorization,multiplicity of eigenvalues,0
multiplicity of eigenvalues,LU factorization,0
LU factorization,orthogonal subspaces,0
orthogonal subspaces,LU factorization,0
LU factorization,positive definite matrices,0
positive definite matrices,LU factorization,0
LU factorization,projection onto a subspace,0
projection onto a subspace,LU factorization,0
LU factorization,QR decomposition,0
QR decomposition,LU factorization,0
LU factorization,singular value decomposition,0
singular value decomposition,LU factorization,0
LU factorization,spectral decomposition,0
spectral decomposition,LU factorization,0
LU factorization,subspaces,0
subspaces,LU factorization,0
LU factorization,unitary matrices,0
unitary matrices,LU factorization,0
LU factorization,linear transformations as matrices,0
linear transformations as matrices,LU factorization,0
LU factorization,vector spaces,0
vector spaces,LU factorization,0
matrix inverse,multiplicity of eigenvalues,0
multiplicity of eigenvalues,matrix inverse,0
matrix inverse,orthogonal subspaces,0
orthogonal subspaces,matrix inverse,0
matrix inverse,subspaces,0
subspaces,matrix inverse,0
matrix inverse,linear transformations as matrices,0
linear transformations as matrices,matrix inverse,0
matrix inverse,vector spaces,0
vector spaces,matrix inverse,0
matrix multiplication,QR decomposition,0
QR decomposition,matrix multiplication,0
matrix multiplication,subspaces,0
subspaces,matrix multiplication,0
matrix multiplication,linear transformations as matrices,0
linear transformations as matrices,matrix multiplication,0
matrix multiplication,vector spaces,0
vector spaces,matrix multiplication,0
matrix transpose,multiplicity of eigenvalues,0
multiplicity of eigenvalues,matrix transpose,0
matrix transpose,subspaces,0
subspaces,matrix transpose,0
matrix transpose,linear transformations as matrices,0
linear transformations as matrices,matrix transpose,0
matrix transpose,vector spaces,0
vector spaces,matrix transpose,0
multiplicity of eigenvalues,orthogonal subspaces,0
orthogonal subspaces,multiplicity of eigenvalues,0
multiplicity of eigenvalues,positive definite matrices,0
positive definite matrices,multiplicity of eigenvalues,0
multiplicity of eigenvalues,projection onto a subspace,0
projection onto a subspace,multiplicity of eigenvalues,0
multiplicity of eigenvalues,QR decomposition,0
QR decomposition,multiplicity of eigenvalues,0
multiplicity of eigenvalues,singular value decomposition,0
singular value decomposition,multiplicity of eigenvalues,0
multiplicity of eigenvalues,spectral decomposition,0
spectral decomposition,multiplicity of eigenvalues,0
multiplicity of eigenvalues,unitary matrices,0
unitary matrices,multiplicity of eigenvalues,0
multiplicity of eigenvalues,linear transformations as matrices,0
linear transformations as matrices,multiplicity of eigenvalues,0
multiplicity of eigenvalues,vector spaces,0
vector spaces,multiplicity of eigenvalues,0
orthogonal subspaces,positive definite matrices,0
positive definite matrices,orthogonal subspaces,0
orthogonal subspaces,spectral decomposition,0
spectral decomposition,orthogonal subspaces,0
orthogonal subspaces,linear transformations as matrices,0
linear transformations as matrices,orthogonal subspaces,0
orthogonal subspaces,vector spaces,0
vector spaces,orthogonal subspaces,0
positive definite matrices,projection onto a subspace,0
projection onto a subspace,positive definite matrices,0
positive definite matrices,QR decomposition,0
QR decomposition,positive definite matrices,0
positive definite matrices,unitary matrices,0
unitary matrices,positive definite matrices,0
positive definite matrices,linear transformations as matrices,0
linear transformations as matrices,positive definite matrices,0
positive definite matrices,vector spaces,0
vector spaces,positive definite matrices,0
projection onto a subspace,spectral decomposition,0
spectral decomposition,projection onto a subspace,0
projection onto a subspace,linear transformations as matrices,0
linear transformations as matrices,projection onto a subspace,0
projection onto a subspace,vector spaces,0
vector spaces,projection onto a subspace,0
projection onto a subspace,vectors,0
vectors,projection onto a subspace,0
QR decomposition,singular value decomposition,0
singular value decomposition,QR decomposition,0
QR decomposition,spectral decomposition,0
spectral decomposition,QR decomposition,0
QR decomposition,unitary matrices,0
unitary matrices,QR decomposition,0
QR decomposition,linear transformations as matrices,0
linear transformations as matrices,QR decomposition,0
QR decomposition,vector spaces,0
vector spaces,QR decomposition,0
QR decomposition,vectors,0
vectors,QR decomposition,0
singular value decomposition,unitary matrices,0
unitary matrices,singular value decomposition,0
spectral decomposition,unitary matrices,0
unitary matrices,spectral decomposition,0
subspaces,linear transformations as matrices,0
linear transformations as matrices,subspaces,0
subspaces,vector spaces,0
vector spaces,subspaces,0
unitary matrices,linear transformations as matrices,0
linear transformations as matrices,unitary matrices,0
unitary matrices,vector spaces,0
vector spaces,unitary matrices,0
